biowenger_name,biowenger_team,precio,reason
Alberto Dadie,Real Sociedad,7,Jugador no encontrado en el equipo
Brandon Dominguès,Real Oviedo,7,Jugador no encontrado en el equipo
Etienne Eto'o,Villarreal,7,Jugador no encontrado en el equipo
Alberto Dadie,Real Sociedad,7,Jugador no encontrado en el equipo
Brandon Dominguès,Real Oviedo,7,Jugador no encontrado en el equipo
Etienne Eto'o,Villarreal,7,Jugador no encontrado en el equipo
Alberto Dadie,Real Sociedad,7,Jugador no encontrado en el equipo
Brandon Dominguès,Real Oviedo,7,Jugador no encontrado en el equipo
Etienne Eto'o,Villarreal,7,Jugador no encontrado en el equipo
Alberto Dadie,Real Sociedad,7,Jugador no encontrado en el equipo
Brandon Dominguès,Real Oviedo,7,Jugador no encontrado en el equipo
Etienne Eto'o,Villarreal,7,Jugador no encontrado en el equipo
Alberto Dadie,Real Sociedad,7,Jugador no encontrado en el equipo
Brandon Dominguès,Real Oviedo,7,Jugador no encontrado en el equipo
Etienne Eto'o,Villarreal,7,Jugador no encontrado en el equipo
Alberto Dadie,Real Sociedad,7,Jugador no encontrado en el equipo
Brandon Dominguès,Real Oviedo,7,Jugador no encontrado en el equipo
Etienne Eto'o,Villarreal,7,Jugador no encontrado en el equipo
Alberto Dadie,Real Sociedad,7,Jugador no encontrado en el equipo
Brandon Dominguès,Real Oviedo,7,Jugador no encontrado en el equipo
Etienne Eto'o,Villarreal,7,Jugador no encontrado en el equipo
Alberto Dadie,Real Sociedad,7,Jugador no encontrado en el equipo
Brandon Dominguès,Real Oviedo,7,Jugador no encontrado en el equipo
Etienne Eto'o,Villarreal,7,Jugador no encontrado en el equipo
Alberto Dadie,Real Sociedad,7,Jugador no encontrado en el equipo
Brandon Dominguès,Real Oviedo,7,Jugador no encontrado en el equipo
Etienne Eto'o,Villarreal,7,Jugador no encontrado en el equipo
Alberto Dadie,Real Sociedad,7,Jugador no encontrado en el equipo
Brandon Dominguès,Real Oviedo,7,Jugador no encontrado en el equipo
Etienne Eto'o,Villarreal,7,Jugador no encontrado en el equipo
Alberto Dadie,Real Sociedad,7,Jugador no encontrado en el equipo
Brandon Dominguès,Real Oviedo,7,Jugador no encontrado en el equipo
Etienne Eto'o,Villarreal,7,Jugador no encontrado en el equipo
Alberto Dadie,Real Sociedad,7,Jugador no encontrado en el equipo
Brandon Dominguès,Real Oviedo,7,Jugador no encontrado en el equipo
Etienne Eto'o,Villarreal,7,Jugador no encontrado en el equipo
Alberto Dadie,Real Sociedad,7,Jugador no encontrado en el equipo
Brandon Dominguès,Real Oviedo,7,Jugador no encontrado en el equipo
Etienne Eto'o,Villarreal,7,Jugador no encontrado en el equipo
Alberto Dadie,Real Sociedad,7,Jugador no encontrado en el equipo
Brandon Dominguès,Real Oviedo,7,Jugador no encontrado en el equipo
Etienne Eto'o,Villarreal,7,Jugador no encontrado en el equipo
Alberto Dadie,Real Sociedad,7,Jugador no encontrado en el equipo
Brandon Dominguès,Real Oviedo,7,Jugador no encontrado en el equipo
Etienne Eto'o,Villarreal,7,Jugador no encontrado en el equipo
Alberto Dadie,Real Sociedad,7,Jugador no encontrado en el equipo
Brandon Dominguès,Real Oviedo,7,Jugador no encontrado en el equipo
Etienne Eto'o,Villarreal,7,Jugador no encontrado en el equipo
Alberto Dadie,Real Sociedad,7,Jugador no encontrado en el equipo
Brandon Dominguès,Real Oviedo,7,Jugador no encontrado en el equipo
Etienne Eto'o,Villarreal,7,Jugador no encontrado en el equipo
Alberto Dadie,Real Sociedad,7,Jugador no encontrado en el equipo
Brandon Dominguès,Real Oviedo,7,Jugador no encontrado en el equipo
Etienne Eto'o,Villarreal,7,Jugador no encontrado en el equipo
Alberto Dadie,Real Sociedad,7,Jugador no encontrado en el equipo
Brandon Dominguès,Real Oviedo,7,Jugador no encontrado en el equipo
Etienne Eto'o,Villarreal,7,Jugador no encontrado en el equipo
Alberto Dadie,Real Sociedad,7,Jugador no encontrado en el equipo
Brandon Dominguès,Real Oviedo,7,Jugador no encontrado en el equipo
Etienne Eto'o,Villarreal,7,Jugador no encontrado en el equipo
